NameIndex,cdcvoucher,sg60,By RedeemfromPlatform,By coupon,Age,Gender
SCITIZEN001,Yes,Yes,Yes,No,36,Female
SCITIZEN002,Yes,Yes,Yes,No,58,Male
SCITIZEN003,Yes,Yes,No,Yes,92,Male
SCITIZEN004,Yes,Yes,No,Yes,94,Male
SCITIZEN005,Yes,Yes,Yes,No,39,Male
SCITIZEN006,Yes,Yes,No,Yes,87,Female
SCITIZEN007,Yes,Yes,Yes,No,64,Male
SCITIZEN008,Yes,Yes,Yes,No,60,Female
SCITIZEN009,Yes,Yes,No,Yes,90,Female
SCITIZEN010,Yes,Yes,Yes,No,68,Male
SCITIZEN011,Yes,Yes,Yes,No,54,Male
SCITIZEN012,Yes,Yes,No,Yes,86,Female
SCITIZEN013,Yes,Yes,No,Yes,85,Female
SCITIZEN014,Yes,Yes,Yes,No,38,Female
SCITIZEN015,Yes,Yes,Yes,No,37,Male
SCITIZEN016,Yes,Yes,No,Yes,77,Male
SCITIZEN017,Yes,Yes,Yes,No,53,Male
SCITIZEN018,Yes,Yes,Yes,No,53,Female
SCITIZEN019,Yes,Yes,Yes,No,56,Male
SCITIZEN020,Yes,Yes,No,Yes,79,Male
SCITIZEN021,Yes,Yes,Yes,No,40,Female
SCITIZEN022,Yes,Yes,No,Yes,93,Female
SCITIZEN023,Yes,Yes,Yes,No,21,Male
SCITIZEN024,Yes,Yes,No,Yes,83,Female
SCITIZEN025,Yes,Yes,No,Yes,99,Female
SCITIZEN026,Yes,Yes,No,Yes,73,Female
SCITIZEN027,Yes,Yes,Yes,No,38,Male
SCITIZEN028,Yes,Yes,No,Yes,91,Female
SCITIZEN029,Yes,Yes,Yes,No,47,Male
SCITIZEN030,Yes,Yes,Yes,No,30,Male
SCITIZEN031,Yes,Yes,Yes,No,63,Female
SCITIZEN032,Yes,Yes,Yes,No,64,Male
SCITIZEN033,Yes,Yes,No,Yes,80,Female
SCITIZEN034,Yes,Yes,Yes,No,41,Male
SCITIZEN035,Yes,Yes,Yes,No,23,Female
SCITIZEN036,Yes,Yes,Yes,No,29,Female
SCITIZEN037,Yes,Yes,No,Yes,75,Male
SCITIZEN038,Yes,Yes,Yes,No,24,Female
SCITIZEN039,Yes,Yes,No,Yes,71,Female
SCITIZEN040,Yes,Yes,Yes,No,63,Female
SCITIZEN041,Yes,Yes,Yes,No,44,Female
SCITIZEN042,Yes,Yes,No,Yes,91,Female
SCITIZEN043,Yes,Yes,No,Yes,95,Female
SCITIZEN044,Yes,Yes,No,Yes,72,Female
SCITIZEN045,Yes,Yes,Yes,No,26,Female
SCITIZEN046,Yes,Yes,Yes,No,35,Female
SCITIZEN047,Yes,Yes,No,Yes,84,Male
SCITIZEN048,Yes,Yes,Yes,No,64,Female
SCITIZEN049,Yes,Yes,Yes,No,54,Male
SCITIZEN050,Yes,Yes,No,Yes,83,Male
SCITIZEN051,Yes,Yes,Yes,No,36,Male
SCITIZEN052,Yes,Yes,No,Yes,80,Female
SCITIZEN053,Yes,Yes,No,Yes,71,Male
SCITIZEN054,Yes,Yes,No,Yes,84,Female
SCITIZEN055,Yes,Yes,Yes,No,58,Female
SCITIZEN056,Yes,Yes,Yes,No,62,Male
SCITIZEN057,Yes,Yes,No,Yes,78,Male
SCITIZEN058,Yes,Yes,Yes,No,68,Male
SCITIZEN059,Yes,Yes,Yes,No,48,Female
SCITIZEN060,Yes,Yes,No,Yes,97,Male
SCITIZEN061,Yes,Yes,Yes,No,50,Male
SCITIZEN062,Yes,Yes,No,Yes,86,Male
SCITIZEN063,Yes,Yes,No,Yes,94,Male
SCITIZEN064,Yes,Yes,No,Yes,86,Female
SCITIZEN065,Yes,Yes,No,Yes,70,Female
SCITIZEN066,Yes,Yes,No,Yes,100,Female
SCITIZEN067,Yes,Yes,Yes,No,53,Female
SCITIZEN068,Yes,Yes,Yes,No,47,Female
SCITIZEN069,Yes,Yes,No,Yes,83,Female
SCITIZEN070,Yes,Yes,Yes,No,41,Male
SCITIZEN071,Yes,Yes,Yes,No,57,Female
SCITIZEN072,Yes,Yes,Yes,No,34,Male
SCITIZEN073,Yes,Yes,Yes,No,45,Male
SCITIZEN074,Yes,Yes,No,Yes,92,Female
SCITIZEN075,Yes,Yes,No,Yes,86,Male
SCITIZEN076,Yes,Yes,Yes,No,30,Male
SCITIZEN077,Yes,Yes,Yes,No,34,Male
SCITIZEN078,Yes,Yes,No,Yes,91,Female
SCITIZEN079,Yes,Yes,No,Yes,84,Female
SCITIZEN080,Yes,Yes,No,Yes,97,Female
SCITIZEN081,Yes,Yes,Yes,No,45,Female
SCITIZEN082,Yes,Yes,No,Yes,72,Female
SCITIZEN083,Yes,Yes,Yes,No,30,Female
SCITIZEN084,Yes,Yes,Yes,No,59,Female
SCITIZEN085,Yes,Yes,No,Yes,77,Female
SCITIZEN086,Yes,Yes,No,Yes,80,Male
SCITIZEN087,Yes,Yes,Yes,No,68,Female
SCITIZEN088,Yes,Yes,Yes,No,50,Male
SCITIZEN089,Yes,Yes,No,Yes,91,Male
SCITIZEN090,Yes,Yes,No,Yes,89,Female
SCITIZEN091,Yes,Yes,Yes,No,32,Male
SCITIZEN092,Yes,Yes,No,Yes,94,Female
SCITIZEN093,Yes,Yes,Yes,No,66,Female
SCITIZEN094,Yes,Yes,Yes,No,44,Female
SCITIZEN095,Yes,Yes,Yes,No,54,Female
SCITIZEN096,Yes,Yes,Yes,No,35,Female
SCITIZEN097,Yes,Yes,Yes,No,53,Male
SCITIZEN098,Yes,Yes,No,Yes,71,Male
SCITIZEN099,Yes,Yes,Yes,No,63,Female
SCITIZEN100,Yes,Yes,Yes,No,43,Male
SCITIZEN101,Yes,Yes,No,Yes,97,Male
SCITIZEN102,Yes,Yes,No,Yes,71,Female
SCITIZEN103,Yes,Yes,No,Yes,83,Male
SCITIZEN104,Yes,Yes,Yes,No,44,Male
SCITIZEN105,Yes,Yes,No,Yes,77,Male
SCITIZEN106,Yes,Yes,No,Yes,79,Female
SCITIZEN107,Yes,Yes,Yes,No,32,Male
SCITIZEN108,Yes,Yes,No,Yes,88,Male
SCITIZEN109,Yes,Yes,No,Yes,97,Female
SCITIZEN110,Yes,Yes,No,Yes,97,Female
SCITIZEN111,Yes,Yes,No,Yes,92,Female
SCITIZEN112,Yes,Yes,Yes,No,62,Female
SCITIZEN113,Yes,Yes,No,Yes,82,Male
SCITIZEN114,Yes,Yes,No,Yes,81,Male
SCITIZEN115,Yes,Yes,No,Yes,96,Female
SCITIZEN116,Yes,Yes,Yes,No,33,Male
SCITIZEN117,Yes,Yes,No,Yes,95,Male
SCITIZEN118,Yes,Yes,Yes,No,25,Male
SCITIZEN119,Yes,Yes,No,Yes,92,Male
SCITIZEN120,Yes,Yes,Yes,No,32,Male
SCITIZEN121,Yes,Yes,No,Yes,77,Male
SCITIZEN122,Yes,Yes,Yes,No,38,Female
SCITIZEN123,Yes,Yes,No,Yes,73,Male
SCITIZEN124,Yes,Yes,No,Yes,91,Male
SCITIZEN125,Yes,Yes,No,Yes,86,Female
SCITIZEN126,Yes,Yes,Yes,No,54,Female
SCITIZEN127,Yes,Yes,No,Yes,84,Male
SCITIZEN128,Yes,Yes,No,Yes,99,Male
SCITIZEN129,Yes,Yes,No,Yes,85,Female
SCITIZEN130,Yes,Yes,No,Yes,97,Male
SCITIZEN131,Yes,Yes,Yes,No,40,Female
SCITIZEN132,Yes,Yes,No,Yes,72,Male
SCITIZEN133,Yes,Yes,No,Yes,73,Female
SCITIZEN134,Yes,Yes,No,Yes,87,Female
SCITIZEN135,Yes,Yes,No,Yes,98,Male
SCITIZEN136,Yes,Yes,No,Yes,95,Male
SCITIZEN137,Yes,Yes,Yes,No,51,Male
SCITIZEN138,Yes,Yes,No,Yes,84,Female
SCITIZEN139,Yes,Yes,No,Yes,94,Male
SCITIZEN140,Yes,Yes,No,Yes,82,Female
SCITIZEN141,Yes,Yes,No,Yes,77,Male
SCITIZEN142,Yes,Yes,No,Yes,85,Female
SCITIZEN143,Yes,Yes,No,Yes,100,Male
SCITIZEN144,Yes,Yes,Yes,No,68,Male
SCITIZEN145,Yes,Yes,Yes,No,34,Male
SCITIZEN146,Yes,Yes,Yes,No,60,Male
SCITIZEN147,Yes,Yes,No,Yes,84,Female
SCITIZEN148,Yes,Yes,Yes,No,31,Male
SCITIZEN149,Yes,Yes,Yes,No,45,Male
SCITIZEN150,Yes,Yes,No,Yes,86,Male
SCITIZEN151,Yes,Yes,Yes,No,66,Female
SCITIZEN152,Yes,Yes,No,Yes,100,Male
SCITIZEN153,Yes,Yes,Yes,No,36,Male
SCITIZEN154,Yes,Yes,No,Yes,97,Female
SCITIZEN155,Yes,Yes,Yes,No,22,Male
SCITIZEN156,Yes,Yes,Yes,No,24,Female
SCITIZEN157,Yes,Yes,No,Yes,87,Male
SCITIZEN158,Yes,Yes,No,Yes,88,Female
SCITIZEN159,Yes,Yes,No,Yes,92,Male
SCITIZEN160,Yes,Yes,Yes,No,67,Male
SCITIZEN161,Yes,Yes,No,Yes,71,Female
SCITIZEN162,Yes,Yes,No,Yes,98,Male
SCITIZEN163,Yes,Yes,No,Yes,99,Female
SCITIZEN164,Yes,Yes,Yes,No,62,Female
SCITIZEN165,Yes,Yes,No,Yes,96,Female
SCITIZEN166,Yes,Yes,Yes,No,21,Female
SCITIZEN167,Yes,Yes,Yes,No,35,Female
SCITIZEN168,Yes,Yes,No,Yes,92,Female
SCITIZEN169,Yes,Yes,No,Yes,94,Female
SCITIZEN170,Yes,Yes,No,Yes,73,Female
SCITIZEN171,Yes,Yes,Yes,No,41,Male
SCITIZEN172,Yes,Yes,Yes,No,35,Male
SCITIZEN173,Yes,Yes,Yes,No,38,Male
SCITIZEN174,Yes,Yes,No,Yes,78,Female
SCITIZEN175,Yes,Yes,Yes,No,50,Male
SCITIZEN176,Yes,Yes,No,Yes,74,Female
SCITIZEN177,Yes,Yes,Yes,No,45,Female
SCITIZEN178,Yes,Yes,Yes,No,61,Female
SCITIZEN179,Yes,Yes,Yes,No,35,Female
SCITIZEN180,Yes,Yes,Yes,No,47,Male
SCITIZEN181,Yes,Yes,Yes,No,64,Female
SCITIZEN182,Yes,Yes,No,Yes,94,Female
SCITIZEN183,Yes,Yes,No,Yes,88,Female
SCITIZEN184,Yes,Yes,Yes,No,27,Male
SCITIZEN185,Yes,Yes,Yes,No,34,Male
SCITIZEN186,Yes,Yes,Yes,No,52,Female
SCITIZEN187,Yes,Yes,No,Yes,83,Male
SCITIZEN188,Yes,Yes,No,Yes,95,Male
SCITIZEN189,Yes,Yes,No,Yes,74,Female
SCITIZEN190,Yes,Yes,Yes,No,23,Male
SCITIZEN191,Yes,Yes,No,Yes,74,Female
SCITIZEN192,Yes,Yes,Yes,No,64,Female
SCITIZEN193,Yes,Yes,No,Yes,86,Female
SCITIZEN194,Yes,Yes,Yes,No,46,Female
SCITIZEN195,Yes,Yes,No,Yes,88,Male
SCITIZEN196,Yes,Yes,No,Yes,98,Male
SCITIZEN197,Yes,Yes,Yes,No,57,Male
SCITIZEN198,Yes,Yes,Yes,No,58,Male
SCITIZEN199,Yes,Yes,Yes,No,37,Male
SCITIZEN200,Yes,Yes,Yes,No,49,Male
SCITIZEN201,Yes,Yes,No,Yes,72,Female
SCITIZEN202,Yes,Yes,No,Yes,75,Male
SCITIZEN203,Yes,Yes,No,Yes,90,Male
SCITIZEN204,Yes,Yes,Yes,No,66,Female
SCITIZEN205,Yes,Yes,Yes,No,58,Male
SCITIZEN206,Yes,Yes,Yes,No,35,Male
SCITIZEN207,Yes,Yes,Yes,No,66,Male
SCITIZEN208,Yes,Yes,Yes,No,21,Female
SCITIZEN209,Yes,Yes,No,Yes,86,Male
SCITIZEN210,Yes,Yes,Yes,No,38,Male
SCITIZEN211,Yes,Yes,Yes,No,34,Female
SCITIZEN212,Yes,Yes,No,Yes,94,Male
SCITIZEN213,Yes,Yes,Yes,No,41,Female
SCITIZEN214,Yes,Yes,No,Yes,77,Female
SCITIZEN215,Yes,Yes,Yes,No,48,Male
SCITIZEN216,Yes,Yes,No,Yes,100,Female
SCITIZEN217,Yes,Yes,Yes,No,66,Male
SCITIZEN218,Yes,Yes,Yes,No,46,Female
SCITIZEN219,Yes,Yes,Yes,No,54,Female
SCITIZEN220,Yes,Yes,Yes,No,47,Female
SCITIZEN221,Yes,Yes,No,Yes,78,Female
SCITIZEN222,Yes,Yes,No,Yes,94,Female
SCITIZEN223,Yes,Yes,No,Yes,89,Female
SCITIZEN224,Yes,Yes,Yes,No,36,Female
SCITIZEN225,Yes,Yes,No,Yes,74,Male
SCITIZEN226,Yes,Yes,No,Yes,89,Female
SCITIZEN227,Yes,Yes,No,Yes,82,Male
SCITIZEN228,Yes,Yes,No,Yes,90,Female
SCITIZEN229,Yes,Yes,Yes,No,35,Female
SCITIZEN230,Yes,Yes,Yes,No,36,Male
SCITIZEN231,Yes,Yes,Yes,No,68,Female
SCITIZEN232,Yes,Yes,No,Yes,95,Male
SCITIZEN233,Yes,Yes,Yes,No,26,Female
SCITIZEN234,Yes,Yes,Yes,No,52,Female
SCITIZEN235,Yes,Yes,Yes,No,22,Female
SCITIZEN236,Yes,Yes,No,Yes,84,Male
SCITIZEN237,Yes,Yes,Yes,No,30,Male
SCITIZEN238,Yes,Yes,Yes,No,33,Male
SCITIZEN239,Yes,Yes,No,Yes,87,Male
SCITIZEN240,Yes,Yes,No,Yes,74,Female
SCITIZEN241,Yes,Yes,No,Yes,87,Male
SCITIZEN242,Yes,Yes,Yes,No,59,Male
SCITIZEN243,Yes,Yes,No,Yes,89,Female
SCITIZEN244,Yes,Yes,Yes,No,61,Female
SCITIZEN245,Yes,Yes,No,Yes,72,Male
SCITIZEN246,Yes,Yes,Yes,No,33,Male
SCITIZEN247,Yes,Yes,Yes,No,65,Male
SCITIZEN248,Yes,Yes,Yes,No,27,Female
SCITIZEN249,Yes,Yes,Yes,No,54,Female
SCITIZEN250,Yes,Yes,Yes,No,49,Female
SCITIZEN251,Yes,Yes,No,Yes,99,Male
SCITIZEN252,Yes,Yes,Yes,No,30,Female
SCITIZEN253,Yes,Yes,Yes,No,67,Male
SCITIZEN254,Yes,Yes,No,Yes,89,Male
SCITIZEN255,Yes,Yes,No,Yes,72,Female
SCITIZEN256,Yes,Yes,Yes,No,37,Male
SCITIZEN257,Yes,Yes,No,Yes,95,Female
SCITIZEN258,Yes,Yes,Yes,No,56,Male
SCITIZEN259,Yes,Yes,No,Yes,90,Male
SCITIZEN260,Yes,Yes,Yes,No,39,Male
SCITIZEN261,Yes,Yes,No,Yes,90,Male
SCITIZEN262,Yes,Yes,No,Yes,90,Male
SCITIZEN263,Yes,Yes,Yes,No,64,Female
SCITIZEN264,Yes,Yes,Yes,No,32,Male
SCITIZEN265,Yes,Yes,No,Yes,73,Female
SCITIZEN266,Yes,Yes,Yes,No,40,Male
SCITIZEN267,Yes,Yes,Yes,No,29,Female
SCITIZEN268,Yes,Yes,Yes,No,69,Female
SCITIZEN269,Yes,Yes,No,Yes,72,Female
SCITIZEN270,Yes,Yes,No,Yes,83,Male
SCITIZEN271,Yes,Yes,No,Yes,87,Female
SCITIZEN272,Yes,Yes,Yes,No,22,Female
SCITIZEN273,Yes,Yes,Yes,No,68,Female
SCITIZEN274,Yes,Yes,Yes,No,24,Male
SCITIZEN275,Yes,Yes,Yes,No,58,Male
SCITIZEN276,Yes,Yes,No,Yes,93,Male
SCITIZEN277,Yes,Yes,No,Yes,89,Male
SCITIZEN278,Yes,Yes,No,Yes,95,Male
SCITIZEN279,Yes,Yes,No,Yes,85,Female
SCITIZEN280,Yes,Yes,Yes,No,45,Female
SCITIZEN281,Yes,Yes,Yes,No,22,Female
SCITIZEN282,Yes,Yes,Yes,No,32,Female
SCITIZEN283,Yes,Yes,No,Yes,89,Female
SCITIZEN284,Yes,Yes,No,Yes,92,Male
SCITIZEN285,Yes,Yes,No,Yes,70,Female
SCITIZEN286,Yes,Yes,Yes,No,34,Female
SCITIZEN287,Yes,Yes,Yes,No,21,Female
SCITIZEN288,Yes,Yes,Yes,No,30,Male
SCITIZEN289,Yes,Yes,Yes,No,52,Female
SCITIZEN290,Yes,Yes,No,Yes,96,Female
SCITIZEN291,Yes,Yes,Yes,No,44,Male
SCITIZEN292,Yes,Yes,Yes,No,37,Female
SCITIZEN293,Yes,Yes,Yes,No,23,Female
SCITIZEN294,Yes,Yes,Yes,No,33,Female
SCITIZEN295,Yes,Yes,Yes,No,50,Male
SCITIZEN296,Yes,Yes,No,Yes,78,Female
SCITIZEN297,Yes,Yes,Yes,No,59,Male
SCITIZEN298,Yes,Yes,No,Yes,97,Female
SCITIZEN299,Yes,Yes,Yes,No,65,Male
SCITIZEN300,Yes,Yes,Yes,No,37,Female
SCITIZEN301,Yes,Yes,Yes,No,30,Female
SCITIZEN302,Yes,Yes,No,Yes,94,Female
SCITIZEN303,Yes,Yes,No,Yes,81,Male
SCITIZEN304,Yes,Yes,Yes,No,21,Male
SCITIZEN305,Yes,Yes,No,Yes,96,Male
SCITIZEN306,Yes,Yes,Yes,No,37,Female
SCITIZEN307,Yes,Yes,No,Yes,88,Male
SCITIZEN308,Yes,Yes,Yes,No,22,Female
SCITIZEN309,Yes,Yes,Yes,No,48,Male
SCITIZEN310,Yes,Yes,Yes,No,47,Male
SCITIZEN311,Yes,Yes,No,Yes,90,Male
SCITIZEN312,Yes,Yes,No,Yes,93,Male
SCITIZEN313,Yes,Yes,Yes,No,33,Male
SCITIZEN314,Yes,Yes,No,Yes,75,Female
SCITIZEN315,Yes,Yes,No,Yes,92,Male
SCITIZEN316,Yes,Yes,No,Yes,97,Female
SCITIZEN317,Yes,Yes,Yes,No,30,Male
SCITIZEN318,Yes,Yes,Yes,No,54,Female
SCITIZEN319,Yes,Yes,No,Yes,71,Male
SCITIZEN320,Yes,Yes,Yes,No,55,Female
SCITIZEN321,Yes,Yes,Yes,No,41,Male
SCITIZEN322,Yes,Yes,No,Yes,100,Female
SCITIZEN323,Yes,Yes,No,Yes,96,Female
SCITIZEN324,Yes,Yes,Yes,No,55,Male
SCITIZEN325,Yes,Yes,Yes,No,27,Male
SCITIZEN326,Yes,Yes,No,Yes,79,Female
SCITIZEN327,Yes,Yes,No,Yes,81,Male
SCITIZEN328,Yes,Yes,Yes,No,52,Male
SCITIZEN329,Yes,Yes,Yes,No,39,Female
SCITIZEN330,Yes,Yes,No,Yes,93,Male
SCITIZEN331,Yes,Yes,Yes,No,50,Male
SCITIZEN332,Yes,Yes,Yes,No,40,Female
SCITIZEN333,Yes,Yes,No,Yes,95,Male
SCITIZEN334,Yes,Yes,Yes,No,54,Male
SCITIZEN335,Yes,Yes,Yes,No,59,Female
SCITIZEN336,Yes,Yes,No,Yes,72,Female
SCITIZEN337,Yes,Yes,No,Yes,79,Male
SCITIZEN338,Yes,Yes,No,Yes,99,Male
SCITIZEN339,Yes,Yes,Yes,No,34,Female
SCITIZEN340,Yes,Yes,No,Yes,88,Female
SCITIZEN341,Yes,Yes,No,Yes,76,Female
SCITIZEN342,Yes,Yes,No,Yes,76,Male
SCITIZEN343,Yes,Yes,No,Yes,73,Female
SCITIZEN344,Yes,Yes,Yes,No,66,Female
SCITIZEN345,Yes,Yes,Yes,No,33,Female
SCITIZEN346,Yes,Yes,Yes,No,50,Male
SCITIZEN347,Yes,Yes,No,Yes,80,Male
SCITIZEN348,Yes,Yes,Yes,No,35,Male
SCITIZEN349,Yes,Yes,No,Yes,87,Male
SCITIZEN350,Yes,Yes,No,Yes,80,Female
SCITIZEN351,Yes,Yes,Yes,No,50,Female
SCITIZEN352,Yes,Yes,Yes,No,21,Male
SCITIZEN353,Yes,Yes,No,Yes,87,Female
SCITIZEN354,Yes,Yes,Yes,No,69,Female
SCITIZEN355,Yes,Yes,Yes,No,57,Female
SCITIZEN356,Yes,Yes,Yes,No,49,Male
SCITIZEN357,Yes,Yes,Yes,No,63,Male
SCITIZEN358,Yes,Yes,No,Yes,74,Male
SCITIZEN359,Yes,Yes,No,Yes,75,Male
SCITIZEN360,Yes,Yes,Yes,No,54,Female
SCITIZEN361,Yes,Yes,No,Yes,74,Male
SCITIZEN362,Yes,Yes,No,Yes,81,Male
SCITIZEN363,Yes,Yes,No,Yes,85,Female
SCITIZEN364,Yes,Yes,No,Yes,91,Female
SCITIZEN365,Yes,Yes,Yes,No,27,Female
SCITIZEN366,Yes,Yes,No,Yes,90,Female
SCITIZEN367,Yes,Yes,Yes,No,28,Female
SCITIZEN368,Yes,Yes,No,Yes,100,Female
SCITIZEN369,Yes,Yes,Yes,No,43,Male
SCITIZEN370,Yes,Yes,No,Yes,86,Female
SCITIZEN371,Yes,Yes,No,Yes,99,Male
SCITIZEN372,Yes,Yes,Yes,No,53,Male
SCITIZEN373,Yes,Yes,No,Yes,91,Male
SCITIZEN374,Yes,Yes,Yes,No,59,Male
SCITIZEN375,Yes,Yes,Yes,No,53,Female
SCITIZEN376,Yes,Yes,Yes,No,54,Male
SCITIZEN377,Yes,Yes,Yes,No,46,Male
SCITIZEN378,Yes,Yes,No,Yes,89,Female
SCITIZEN379,Yes,Yes,Yes,No,37,Female
SCITIZEN380,Yes,Yes,No,Yes,87,Male
SCITIZEN381,Yes,Yes,No,Yes,82,Female
SCITIZEN382,Yes,Yes,No,Yes,79,Female
SCITIZEN383,Yes,Yes,Yes,No,32,Female
SCITIZEN384,Yes,Yes,No,Yes,89,Female
SCITIZEN385,Yes,Yes,No,Yes,93,Female
SCITIZEN386,Yes,Yes,Yes,No,24,Female
SCITIZEN387,Yes,Yes,No,Yes,94,Male
SCITIZEN388,Yes,Yes,Yes,No,35,Female
SCITIZEN389,Yes,Yes,No,Yes,70,Male
SCITIZEN390,Yes,Yes,Yes,No,31,Female
SCITIZEN391,Yes,Yes,Yes,No,27,Male
SCITIZEN392,Yes,Yes,No,Yes,76,Male
SCITIZEN393,Yes,Yes,Yes,No,41,Male
SCITIZEN394,Yes,Yes,No,Yes,90,Female
SCITIZEN395,Yes,Yes,No,Yes,98,Male
SCITIZEN396,Yes,Yes,Yes,No,39,Male
SCITIZEN397,Yes,Yes,No,Yes,74,Male
SCITIZEN398,Yes,Yes,Yes,No,28,Female
SCITIZEN399,Yes,Yes,No,Yes,85,Female
SCITIZEN400,Yes,Yes,Yes,No,69,Female
SCITIZEN401,Yes,Yes,No,Yes,81,Male
SCITIZEN402,Yes,Yes,No,Yes,89,Male
SCITIZEN403,Yes,Yes,Yes,No,31,Female
SCITIZEN404,Yes,Yes,Yes,No,31,Male
SCITIZEN405,Yes,Yes,Yes,No,53,Male
SCITIZEN406,Yes,Yes,No,Yes,95,Female
SCITIZEN407,Yes,Yes,No,Yes,82,Male
SCITIZEN408,Yes,Yes,No,Yes,91,Male
SCITIZEN409,Yes,Yes,No,Yes,90,Male
SCITIZEN410,Yes,Yes,No,Yes,84,Male
SCITIZEN411,Yes,Yes,No,Yes,74,Female
SCITIZEN412,Yes,Yes,Yes,No,29,Male
SCITIZEN413,Yes,Yes,No,Yes,77,Male
SCITIZEN414,Yes,Yes,Yes,No,60,Male
SCITIZEN415,Yes,Yes,Yes,No,34,Male
SCITIZEN416,Yes,Yes,Yes,No,45,Female
SCITIZEN417,Yes,Yes,No,Yes,98,Male
SCITIZEN418,Yes,Yes,Yes,No,46,Female
SCITIZEN419,Yes,Yes,Yes,No,34,Female
SCITIZEN420,Yes,Yes,No,Yes,90,Male
SCITIZEN421,Yes,Yes,No,Yes,75,Male
SCITIZEN422,Yes,Yes,No,Yes,89,Female
SCITIZEN423,Yes,Yes,Yes,No,29,Female
SCITIZEN424,Yes,Yes,No,Yes,95,Male
SCITIZEN425,Yes,Yes,Yes,No,34,Female
SCITIZEN426,Yes,Yes,No,Yes,78,Female
SCITIZEN427,Yes,Yes,No,Yes,88,Female
SCITIZEN428,Yes,Yes,No,Yes,95,Male
SCITIZEN429,Yes,Yes,No,Yes,85,Female
SCITIZEN430,Yes,Yes,No,Yes,73,Female
SCITIZEN431,Yes,Yes,Yes,No,51,Male
SCITIZEN432,Yes,Yes,No,Yes,94,Male
SCITIZEN433,Yes,Yes,Yes,No,52,Male
SCITIZEN434,Yes,Yes,Yes,No,31,Female
SCITIZEN435,Yes,Yes,Yes,No,66,Male
SCITIZEN436,Yes,Yes,Yes,No,62,Female
SCITIZEN437,Yes,Yes,No,Yes,94,Female
SCITIZEN438,Yes,Yes,Yes,No,48,Male
SCITIZEN439,Yes,Yes,No,Yes,86,Male
SCITIZEN440,Yes,Yes,Yes,No,59,Male
SCITIZEN441,Yes,Yes,No,Yes,73,Male
SCITIZEN442,Yes,Yes,Yes,No,67,Male
SCITIZEN443,Yes,Yes,No,Yes,76,Female
SCITIZEN444,Yes,Yes,No,Yes,78,Female
SCITIZEN445,Yes,Yes,No,Yes,83,Male
SCITIZEN446,Yes,Yes,Yes,No,62,Male
SCITIZEN447,Yes,Yes,Yes,No,58,Female
SCITIZEN448,Yes,Yes,No,Yes,90,Male
SCITIZEN449,Yes,Yes,Yes,No,39,Male
SCITIZEN450,Yes,Yes,No,Yes,91,Female
SCITIZEN451,Yes,Yes,Yes,No,49,Male
SCITIZEN452,Yes,Yes,Yes,No,38,Male
SCITIZEN453,Yes,Yes,Yes,No,55,Male
SCITIZEN454,Yes,Yes,No,Yes,74,Male
SCITIZEN455,Yes,Yes,No,Yes,80,Male
SCITIZEN456,Yes,Yes,No,Yes,92,Male
SCITIZEN457,Yes,Yes,No,Yes,71,Female
SCITIZEN458,Yes,Yes,Yes,No,56,Male
SCITIZEN459,Yes,Yes,No,Yes,96,Male
SCITIZEN460,Yes,Yes,No,Yes,83,Female
SCITIZEN461,Yes,Yes,Yes,No,58,Male
SCITIZEN462,Yes,Yes,No,Yes,97,Male
SCITIZEN463,Yes,Yes,No,Yes,94,Male
SCITIZEN464,Yes,Yes,Yes,No,63,Female
SCITIZEN465,Yes,Yes,No,Yes,71,Female
SCITIZEN466,Yes,Yes,No,Yes,93,Female
SCITIZEN467,Yes,Yes,No,Yes,98,Female
SCITIZEN468,Yes,Yes,Yes,No,47,Male
SCITIZEN469,Yes,Yes,No,Yes,92,Female
SCITIZEN470,Yes,Yes,No,Yes,81,Male
SCITIZEN471,Yes,Yes,No,Yes,79,Male
SCITIZEN472,Yes,Yes,Yes,No,29,Male
SCITIZEN473,Yes,Yes,Yes,No,44,Male
SCITIZEN474,Yes,Yes,Yes,No,33,Male
SCITIZEN475,Yes,Yes,Yes,No,64,Female
SCITIZEN476,Yes,Yes,No,Yes,88,Male
SCITIZEN477,Yes,Yes,Yes,No,64,Female
SCITIZEN478,Yes,Yes,No,Yes,97,Female
SCITIZEN479,Yes,Yes,Yes,No,60,Female
SCITIZEN480,Yes,Yes,Yes,No,32,Male
SCITIZEN481,Yes,Yes,Yes,No,55,Male
SCITIZEN482,Yes,Yes,No,Yes,79,Male
SCITIZEN483,Yes,Yes,Yes,No,50,Female
SCITIZEN484,Yes,Yes,Yes,No,57,Male
SCITIZEN485,Yes,Yes,Yes,No,69,Female
SCITIZEN486,Yes,Yes,No,Yes,83,Male
SCITIZEN487,Yes,Yes,Yes,No,31,Female
SCITIZEN488,Yes,Yes,Yes,No,25,Male
SCITIZEN489,Yes,Yes,Yes,No,45,Female
SCITIZEN490,Yes,Yes,No,Yes,84,Male
SCITIZEN491,Yes,Yes,Yes,No,64,Male
SCITIZEN492,Yes,Yes,Yes,No,58,Male
SCITIZEN493,Yes,Yes,Yes,No,22,Male
SCITIZEN494,Yes,Yes,No,Yes,71,Female
SCITIZEN495,Yes,Yes,No,Yes,91,Male
SCITIZEN496,Yes,Yes,No,Yes,94,Male
SCITIZEN497,Yes,Yes,No,Yes,71,Female
SCITIZEN498,Yes,Yes,Yes,No,28,Female
SCITIZEN499,Yes,Yes,Yes,No,50,Male
SCITIZEN500,Yes,Yes,No,Yes,89,Female
SCITIZEN501,Yes,Yes,No,Yes,93,Female
SCITIZEN502,Yes,Yes,No,Yes,95,Female
SCITIZEN503,Yes,Yes,No,Yes,92,Female
SCITIZEN504,Yes,Yes,Yes,No,67,Female
SCITIZEN505,Yes,Yes,No,Yes,74,Female
SCITIZEN506,Yes,Yes,Yes,No,39,Female
SCITIZEN507,Yes,Yes,No,Yes,97,Male
SCITIZEN508,Yes,Yes,No,Yes,89,Male
SCITIZEN509,Yes,Yes,No,Yes,77,Female
SCITIZEN510,Yes,Yes,No,Yes,93,Male
SCITIZEN511,Yes,Yes,Yes,No,59,Female
SCITIZEN512,Yes,Yes,Yes,No,42,Female
SCITIZEN513,Yes,Yes,Yes,No,67,Male
SCITIZEN514,Yes,Yes,No,Yes,77,Male
SCITIZEN515,Yes,Yes,No,Yes,85,Male
SCITIZEN516,Yes,Yes,No,Yes,88,Male
SCITIZEN517,Yes,Yes,Yes,No,39,Male
SCITIZEN518,Yes,Yes,No,Yes,95,Female
SCITIZEN519,Yes,Yes,Yes,No,25,Female
SCITIZEN520,Yes,Yes,Yes,No,59,Male
SCITIZEN521,Yes,Yes,No,Yes,74,Female
SCITIZEN522,Yes,Yes,Yes,No,29,Female
SCITIZEN523,Yes,Yes,Yes,No,53,Male
SCITIZEN524,Yes,Yes,No,Yes,77,Female
SCITIZEN525,Yes,Yes,Yes,No,60,Male
SCITIZEN526,Yes,Yes,Yes,No,39,Female
SCITIZEN527,Yes,Yes,No,Yes,75,Male
SCITIZEN528,Yes,Yes,Yes,No,43,Female
SCITIZEN529,Yes,Yes,No,Yes,95,Male
SCITIZEN530,Yes,Yes,Yes,No,21,Male
SCITIZEN531,Yes,Yes,Yes,No,43,Female
SCITIZEN532,Yes,Yes,No,Yes,88,Female
SCITIZEN533,Yes,Yes,Yes,No,30,Female
SCITIZEN534,Yes,Yes,No,Yes,70,Male
SCITIZEN535,Yes,Yes,Yes,No,25,Male
SCITIZEN536,Yes,Yes,Yes,No,61,Male
SCITIZEN537,Yes,Yes,No,Yes,95,Male
SCITIZEN538,Yes,Yes,No,Yes,100,Female
SCITIZEN539,Yes,Yes,Yes,No,43,Female
SCITIZEN540,Yes,Yes,Yes,No,58,Female
SCITIZEN541,Yes,Yes,Yes,No,22,Female
SCITIZEN542,Yes,Yes,No,Yes,75,Male
SCITIZEN543,Yes,Yes,No,Yes,76,Male
SCITIZEN544,Yes,Yes,Yes,No,36,Female
SCITIZEN545,Yes,Yes,No,Yes,91,Male
SCITIZEN546,Yes,Yes,No,Yes,96,Female
SCITIZEN547,Yes,Yes,No,Yes,97,Male
SCITIZEN548,Yes,Yes,No,Yes,79,Male
SCITIZEN549,Yes,Yes,Yes,No,52,Female
SCITIZEN550,Yes,Yes,No,Yes,73,Female
SCITIZEN551,Yes,Yes,Yes,No,27,Female
SCITIZEN552,Yes,Yes,No,Yes,72,Male
SCITIZEN553,Yes,Yes,No,Yes,98,Female
SCITIZEN554,Yes,Yes,Yes,No,22,Male
SCITIZEN555,Yes,Yes,Yes,No,46,Male
SCITIZEN556,Yes,Yes,No,Yes,97,Male
SCITIZEN557,Yes,Yes,No,Yes,84,Male
SCITIZEN558,Yes,Yes,Yes,No,57,Male
SCITIZEN559,Yes,Yes,Yes,No,45,Male
SCITIZEN560,Yes,Yes,Yes,No,51,Female
SCITIZEN561,Yes,Yes,Yes,No,24,Male
SCITIZEN562,Yes,Yes,Yes,No,41,Female
SCITIZEN563,Yes,Yes,Yes,No,53,Female
SCITIZEN564,Yes,Yes,No,Yes,84,Female
SCITIZEN565,Yes,Yes,No,Yes,75,Male
SCITIZEN566,Yes,Yes,Yes,No,37,Female
SCITIZEN567,Yes,Yes,Yes,No,40,Male
SCITIZEN568,Yes,Yes,No,Yes,98,Male
SCITIZEN569,Yes,Yes,Yes,No,66,Female
SCITIZEN570,Yes,Yes,No,Yes,90,Female
SCITIZEN571,Yes,Yes,Yes,No,26,Male
SCITIZEN572,Yes,Yes,No,Yes,96,Male
SCITIZEN573,Yes,Yes,No,Yes,83,Male
SCITIZEN574,Yes,Yes,Yes,No,38,Male
SCITIZEN575,Yes,Yes,No,Yes,77,Female
SCITIZEN576,Yes,Yes,Yes,No,59,Female
SCITIZEN577,Yes,Yes,No,Yes,94,Female
SCITIZEN578,Yes,Yes,No,Yes,73,Male
SCITIZEN579,Yes,Yes,No,Yes,80,Male
SCITIZEN580,Yes,Yes,No,Yes,83,Male
SCITIZEN581,Yes,Yes,Yes,No,44,Male
SCITIZEN582,Yes,Yes,No,Yes,89,Female
SCITIZEN583,Yes,Yes,Yes,No,23,Female
SCITIZEN584,Yes,Yes,Yes,No,54,Female
SCITIZEN585,Yes,Yes,Yes,No,29,Female
SCITIZEN586,Yes,Yes,Yes,No,23,Female
SCITIZEN587,Yes,Yes,Yes,No,32,Female
SCITIZEN588,Yes,Yes,No,Yes,98,Male
SCITIZEN589,Yes,Yes,Yes,No,39,Female
SCITIZEN590,Yes,Yes,Yes,No,53,Male
SCITIZEN591,Yes,Yes,Yes,No,44,Male
SCITIZEN592,Yes,Yes,No,Yes,73,Male
SCITIZEN593,Yes,Yes,Yes,No,46,Female
SCITIZEN594,Yes,Yes,No,Yes,84,Male
SCITIZEN595,Yes,Yes,No,Yes,82,Female
SCITIZEN596,Yes,Yes,Yes,No,31,Female
SCITIZEN597,Yes,Yes,No,Yes,71,Male
SCITIZEN598,Yes,Yes,Yes,No,58,Female
SCITIZEN599,Yes,Yes,No,Yes,71,Male
SCITIZEN600,Yes,Yes,Yes,No,46,Female
SCITIZEN601,Yes,Yes,No,Yes,91,Female
SCITIZEN602,Yes,Yes,Yes,No,56,Female
SCITIZEN603,Yes,Yes,Yes,No,43,Female
SCITIZEN604,Yes,Yes,No,Yes,77,Female
SCITIZEN605,Yes,Yes,Yes,No,64,Female
SCITIZEN606,Yes,Yes,No,Yes,74,Female
SCITIZEN607,Yes,Yes,Yes,No,53,Male
SCITIZEN608,Yes,Yes,No,Yes,81,Female
SCITIZEN609,Yes,Yes,Yes,No,24,Male
SCITIZEN610,Yes,Yes,Yes,No,65,Male
SCITIZEN611,Yes,Yes,Yes,No,58,Male
SCITIZEN612,Yes,Yes,No,Yes,94,Male
SCITIZEN613,Yes,Yes,Yes,No,22,Female
SCITIZEN614,Yes,Yes,No,Yes,96,Male
SCITIZEN615,Yes,Yes,Yes,No,54,Female
SCITIZEN616,Yes,Yes,Yes,No,50,Female
SCITIZEN617,Yes,Yes,No,Yes,88,Female
SCITIZEN618,Yes,Yes,No,Yes,88,Male
SCITIZEN619,Yes,Yes,Yes,No,62,Male
SCITIZEN620,Yes,Yes,Yes,No,68,Female
SCITIZEN621,Yes,Yes,Yes,No,52,Female
SCITIZEN622,Yes,Yes,No,Yes,81,Male
SCITIZEN623,Yes,Yes,Yes,No,55,Male
SCITIZEN624,Yes,Yes,Yes,No,66,Female
SCITIZEN625,Yes,Yes,Yes,No,37,Male
SCITIZEN626,Yes,Yes,Yes,No,27,Female
SCITIZEN627,Yes,Yes,No,Yes,100,Male
SCITIZEN628,Yes,Yes,Yes,No,65,Male
SCITIZEN629,Yes,Yes,No,Yes,97,Male
SCITIZEN630,Yes,Yes,Yes,No,37,Female
SCITIZEN631,Yes,Yes,No,Yes,89,Female
SCITIZEN632,Yes,Yes,No,Yes,84,Male
SCITIZEN633,Yes,Yes,No,Yes,98,Female
SCITIZEN634,Yes,Yes,Yes,No,39,Female
SCITIZEN635,Yes,Yes,Yes,No,66,Female
SCITIZEN636,Yes,Yes,Yes,No,51,Female
SCITIZEN637,Yes,Yes,No,Yes,70,Male
SCITIZEN638,Yes,Yes,Yes,No,22,Male
SCITIZEN639,Yes,Yes,No,Yes,76,Female
SCITIZEN640,Yes,Yes,Yes,No,63,Male
SCITIZEN641,Yes,Yes,No,Yes,89,Male
SCITIZEN642,Yes,Yes,Yes,No,31,Male
SCITIZEN643,Yes,Yes,Yes,No,61,Female
SCITIZEN644,Yes,Yes,Yes,No,66,Female
SCITIZEN645,Yes,Yes,No,Yes,99,Male
SCITIZEN646,Yes,Yes,Yes,No,37,Female
SCITIZEN647,Yes,Yes,No,Yes,76,Male
SCITIZEN648,Yes,Yes,Yes,No,36,Female
SCITIZEN649,Yes,Yes,Yes,No,25,Male
SCITIZEN650,Yes,Yes,No,Yes,97,Female
SCITIZEN651,Yes,Yes,No,Yes,83,Male
SCITIZEN652,Yes,Yes,No,Yes,93,Female
SCITIZEN653,Yes,Yes,Yes,No,27,Female
SCITIZEN654,Yes,Yes,Yes,No,67,Male
SCITIZEN655,Yes,Yes,Yes,No,59,Female
SCITIZEN656,Yes,Yes,No,Yes,100,Female
SCITIZEN657,Yes,Yes,Yes,No,37,Male
SCITIZEN658,Yes,Yes,Yes,No,57,Male
SCITIZEN659,Yes,Yes,Yes,No,29,Female
SCITIZEN660,Yes,Yes,Yes,No,28,Female
SCITIZEN661,Yes,Yes,No,Yes,75,Male
SCITIZEN662,Yes,Yes,Yes,No,60,Male
SCITIZEN663,Yes,Yes,No,Yes,82,Female
SCITIZEN664,Yes,Yes,Yes,No,57,Male
SCITIZEN665,Yes,Yes,No,Yes,90,Male
SCITIZEN666,Yes,Yes,Yes,No,50,Male
SCITIZEN667,Yes,Yes,No,Yes,70,Male
SCITIZEN668,Yes,Yes,No,Yes,74,Female
SCITIZEN669,Yes,Yes,Yes,No,51,Female
SCITIZEN670,Yes,Yes,No,Yes,72,Male
SCITIZEN671,Yes,Yes,Yes,No,65,Female
SCITIZEN672,Yes,Yes,Yes,No,35,Male
SCITIZEN673,Yes,Yes,No,Yes,77,Female
SCITIZEN674,Yes,Yes,No,Yes,86,Male
SCITIZEN675,Yes,Yes,Yes,No,62,Male
SCITIZEN676,Yes,Yes,No,Yes,73,Female
SCITIZEN677,Yes,Yes,Yes,No,45,Female
SCITIZEN678,Yes,Yes,No,Yes,92,Male
SCITIZEN679,Yes,Yes,No,Yes,97,Female
SCITIZEN680,Yes,Yes,Yes,No,47,Male
SCITIZEN681,Yes,Yes,No,Yes,71,Male
SCITIZEN682,Yes,Yes,No,Yes,98,Female
SCITIZEN683,Yes,Yes,Yes,No,53,Male
SCITIZEN684,Yes,Yes,Yes,No,31,Male
SCITIZEN685,Yes,Yes,No,Yes,84,Female
SCITIZEN686,Yes,Yes,No,Yes,74,Female
SCITIZEN687,Yes,Yes,No,Yes,89,Male
SCITIZEN688,Yes,Yes,No,Yes,73,Female
SCITIZEN689,Yes,Yes,Yes,No,50,Female
SCITIZEN690,Yes,Yes,No,Yes,72,Female
SCITIZEN691,Yes,Yes,Yes,No,25,Male
SCITIZEN692,Yes,Yes,No,Yes,100,Female
SCITIZEN693,Yes,Yes,Yes,No,61,Female
SCITIZEN694,Yes,Yes,Yes,No,42,Male
SCITIZEN695,Yes,Yes,No,Yes,97,Male
SCITIZEN696,Yes,Yes,Yes,No,59,Female
SCITIZEN697,Yes,Yes,Yes,No,44,Male
SCITIZEN698,Yes,Yes,Yes,No,49,Male
SCITIZEN699,Yes,Yes,No,Yes,84,Male
SCITIZEN700,Yes,Yes,No,Yes,100,Male
SCITIZEN701,Yes,Yes,Yes,No,57,Male
SCITIZEN702,Yes,Yes,No,Yes,74,Male
SCITIZEN703,Yes,Yes,Yes,No,56,Female
SCITIZEN704,Yes,Yes,No,Yes,89,Female
SCITIZEN705,Yes,Yes,Yes,No,51,Female
SCITIZEN706,Yes,Yes,Yes,No,28,Male
SCITIZEN707,Yes,Yes,No,Yes,70,Female
SCITIZEN708,Yes,Yes,No,Yes,81,Male
SCITIZEN709,Yes,Yes,Yes,No,49,Female
SCITIZEN710,Yes,Yes,Yes,No,57,Female
SCITIZEN711,Yes,Yes,No,Yes,72,Female
SCITIZEN712,Yes,Yes,No,Yes,92,Male
SCITIZEN713,Yes,Yes,No,Yes,73,Female
SCITIZEN714,Yes,Yes,Yes,No,62,Female
SCITIZEN715,Yes,Yes,Yes,No,29,Female
SCITIZEN716,Yes,Yes,Yes,No,38,Male
SCITIZEN717,Yes,Yes,No,Yes,82,Female
SCITIZEN718,Yes,Yes,No,Yes,100,Female
SCITIZEN719,Yes,Yes,Yes,No,61,Female
SCITIZEN720,Yes,Yes,Yes,No,31,Male
SCITIZEN721,Yes,Yes,Yes,No,24,Female
SCITIZEN722,Yes,Yes,No,Yes,76,Male
SCITIZEN723,Yes,Yes,No,Yes,90,Male
SCITIZEN724,Yes,Yes,Yes,No,29,Female
SCITIZEN725,Yes,Yes,No,Yes,75,Male
SCITIZEN726,Yes,Yes,Yes,No,49,Male
SCITIZEN727,Yes,Yes,Yes,No,43,Female
SCITIZEN728,Yes,Yes,Yes,No,56,Male
SCITIZEN729,Yes,Yes,No,Yes,96,Female
SCITIZEN730,Yes,Yes,No,Yes,74,Male
SCITIZEN731,Yes,Yes,No,Yes,75,Female
SCITIZEN732,Yes,Yes,No,Yes,87,Male
SCITIZEN733,Yes,Yes,No,Yes,96,Male
SCITIZEN734,Yes,Yes,Yes,No,50,Female
SCITIZEN735,Yes,Yes,No,Yes,84,Male
SCITIZEN736,Yes,Yes,No,Yes,82,Female
SCITIZEN737,Yes,Yes,No,Yes,75,Female
SCITIZEN738,Yes,Yes,No,Yes,80,Female
SCITIZEN739,Yes,Yes,Yes,No,35,Female
SCITIZEN740,Yes,Yes,No,Yes,95,Male
SCITIZEN741,Yes,Yes,Yes,No,32,Female
SCITIZEN742,Yes,Yes,No,Yes,93,Female
SCITIZEN743,Yes,Yes,Yes,No,29,Female
SCITIZEN744,Yes,Yes,Yes,No,62,Female
SCITIZEN745,Yes,Yes,No,Yes,92,Female
SCITIZEN746,Yes,Yes,No,Yes,71,Female
SCITIZEN747,Yes,Yes,No,Yes,91,Female
SCITIZEN748,Yes,Yes,Yes,No,25,Female
SCITIZEN749,Yes,Yes,No,Yes,82,Female
SCITIZEN750,Yes,Yes,No,Yes,99,Male
SCITIZEN751,Yes,Yes,No,Yes,76,Female
SCITIZEN752,Yes,Yes,No,Yes,92,Female
SCITIZEN753,Yes,Yes,Yes,No,66,Female
SCITIZEN754,Yes,Yes,Yes,No,30,Male
SCITIZEN755,Yes,Yes,No,Yes,99,Male
SCITIZEN756,Yes,Yes,No,Yes,84,Male
SCITIZEN757,Yes,Yes,Yes,No,48,Female
SCITIZEN758,Yes,Yes,Yes,No,56,Male
SCITIZEN759,Yes,Yes,Yes,No,38,Female
SCITIZEN760,Yes,Yes,No,Yes,85,Male
SCITIZEN761,Yes,Yes,No,Yes,97,Female
SCITIZEN762,Yes,Yes,No,Yes,99,Male
SCITIZEN763,Yes,Yes,No,Yes,76,Female
SCITIZEN764,Yes,Yes,No,Yes,98,Male
SCITIZEN765,Yes,Yes,No,Yes,92,Male
SCITIZEN766,Yes,Yes,No,Yes,76,Male
SCITIZEN767,Yes,Yes,Yes,No,54,Male
SCITIZEN768,Yes,Yes,No,Yes,78,Female
SCITIZEN769,Yes,Yes,Yes,No,38,Female
SCITIZEN770,Yes,Yes,No,Yes,97,Female
SCITIZEN771,Yes,Yes,No,Yes,93,Female
SCITIZEN772,Yes,Yes,Yes,No,58,Female
SCITIZEN773,Yes,Yes,No,Yes,74,Female
SCITIZEN774,Yes,Yes,No,Yes,81,Male
SCITIZEN775,Yes,Yes,No,Yes,100,Female
SCITIZEN776,Yes,Yes,Yes,No,50,Female
SCITIZEN777,Yes,Yes,No,Yes,91,Male
SCITIZEN778,Yes,Yes,Yes,No,46,Female
SCITIZEN779,Yes,Yes,No,Yes,86,Male
SCITIZEN780,Yes,Yes,No,Yes,91,Male
SCITIZEN781,Yes,Yes,No,Yes,89,Female
SCITIZEN782,Yes,Yes,Yes,No,69,Female
SCITIZEN783,Yes,Yes,Yes,No,61,Male
SCITIZEN784,Yes,Yes,No,Yes,85,Male
SCITIZEN785,Yes,Yes,Yes,No,42,Male
SCITIZEN786,Yes,Yes,No,Yes,71,Male
SCITIZEN787,Yes,Yes,Yes,No,30,Female
SCITIZEN788,Yes,Yes,No,Yes,100,Male
SCITIZEN789,Yes,Yes,Yes,No,68,Female
SCITIZEN790,Yes,Yes,No,Yes,85,Female
SCITIZEN791,Yes,Yes,Yes,No,65,Male
SCITIZEN792,Yes,Yes,Yes,No,59,Male
SCITIZEN793,Yes,Yes,No,Yes,80,Male
SCITIZEN794,Yes,Yes,Yes,No,54,Female
SCITIZEN795,Yes,Yes,Yes,No,52,Male
SCITIZEN796,Yes,Yes,No,Yes,97,Male
SCITIZEN797,Yes,Yes,No,Yes,92,Female
SCITIZEN798,Yes,Yes,Yes,No,57,Male
SCITIZEN799,Yes,Yes,Yes,No,27,Male
SCITIZEN800,Yes,Yes,Yes,No,51,Female
SCITIZEN801,Yes,Yes,Yes,No,22,Female
SCITIZEN802,Yes,Yes,Yes,No,40,Male
SCITIZEN803,Yes,Yes,No,Yes,70,Male
SCITIZEN804,Yes,Yes,Yes,No,42,Female
SCITIZEN805,Yes,Yes,No,Yes,81,Female
SCITIZEN806,Yes,Yes,Yes,No,56,Female
SCITIZEN807,Yes,Yes,No,Yes,94,Female
SCITIZEN808,Yes,Yes,No,Yes,97,Female
SCITIZEN809,Yes,Yes,No,Yes,77,Male
SCITIZEN810,Yes,Yes,Yes,No,41,Male
SCITIZEN811,Yes,Yes,Yes,No,35,Male
SCITIZEN812,Yes,Yes,No,Yes,70,Female
SCITIZEN813,Yes,Yes,Yes,No,67,Female
SCITIZEN814,Yes,Yes,Yes,No,22,Male
SCITIZEN815,Yes,Yes,No,Yes,78,Female
SCITIZEN816,Yes,Yes,Yes,No,40,Female
SCITIZEN817,Yes,Yes,Yes,No,65,Female
SCITIZEN818,Yes,Yes,Yes,No,22,Male
SCITIZEN819,Yes,Yes,Yes,No,23,Female
SCITIZEN820,Yes,Yes,No,Yes,87,Male
SCITIZEN821,Yes,Yes,No,Yes,87,Female
SCITIZEN822,Yes,Yes,Yes,No,42,Male
SCITIZEN823,Yes,Yes,No,Yes,97,Male
SCITIZEN824,Yes,Yes,Yes,No,30,Female
SCITIZEN825,Yes,Yes,Yes,No,34,Female
SCITIZEN826,Yes,Yes,Yes,No,65,Male
SCITIZEN827,Yes,Yes,Yes,No,49,Male
SCITIZEN828,Yes,Yes,No,Yes,91,Male
SCITIZEN829,Yes,Yes,No,Yes,95,Female
SCITIZEN830,Yes,Yes,No,Yes,71,Female
SCITIZEN831,Yes,Yes,No,Yes,98,Male
SCITIZEN832,Yes,Yes,Yes,No,40,Female
SCITIZEN833,Yes,Yes,Yes,No,64,Female
SCITIZEN834,Yes,Yes,Yes,No,23,Male
SCITIZEN835,Yes,Yes,Yes,No,66,Male
SCITIZEN836,Yes,Yes,Yes,No,63,Male
SCITIZEN837,Yes,Yes,No,Yes,89,Female
SCITIZEN838,Yes,Yes,Yes,No,47,Female
SCITIZEN839,Yes,Yes,Yes,No,22,Male
SCITIZEN840,Yes,Yes,No,Yes,78,Male
SCITIZEN841,Yes,Yes,No,Yes,83,Female
SCITIZEN842,Yes,Yes,No,Yes,86,Female
SCITIZEN843,Yes,Yes,Yes,No,21,Male
SCITIZEN844,Yes,Yes,No,Yes,73,Male
SCITIZEN845,Yes,Yes,No,Yes,75,Male
SCITIZEN846,Yes,Yes,Yes,No,48,Female
SCITIZEN847,Yes,Yes,No,Yes,73,Male
SCITIZEN848,Yes,Yes,Yes,No,25,Male
SCITIZEN849,Yes,Yes,Yes,No,43,Male
SCITIZEN850,Yes,Yes,Yes,No,37,Female
SCITIZEN851,Yes,Yes,Yes,No,54,Male
SCITIZEN852,Yes,Yes,Yes,No,38,Female
SCITIZEN853,Yes,Yes,Yes,No,51,Female
SCITIZEN854,Yes,Yes,Yes,No,40,Male
SCITIZEN855,Yes,Yes,No,Yes,91,Female
SCITIZEN856,Yes,Yes,Yes,No,38,Male
SCITIZEN857,Yes,Yes,Yes,No,52,Female
SCITIZEN858,Yes,Yes,Yes,No,46,Female
SCITIZEN859,Yes,Yes,No,Yes,93,Male
SCITIZEN860,Yes,Yes,Yes,No,40,Female
SCITIZEN861,Yes,Yes,No,Yes,84,Male
SCITIZEN862,Yes,Yes,No,Yes,96,Male
SCITIZEN863,Yes,Yes,Yes,No,62,Female
SCITIZEN864,Yes,Yes,No,Yes,82,Male
SCITIZEN865,Yes,Yes,Yes,No,23,Female
SCITIZEN866,Yes,Yes,No,Yes,90,Male
SCITIZEN867,Yes,Yes,Yes,No,24,Male
SCITIZEN868,Yes,Yes,No,Yes,93,Female
SCITIZEN869,Yes,Yes,No,Yes,72,Male
SCITIZEN870,Yes,Yes,Yes,No,69,Male
SCITIZEN871,Yes,Yes,Yes,No,37,Male
SCITIZEN872,Yes,Yes,No,Yes,99,Male
SCITIZEN873,Yes,Yes,Yes,No,53,Male
SCITIZEN874,Yes,Yes,Yes,No,62,Female
SCITIZEN875,Yes,Yes,No,Yes,86,Male
SCITIZEN876,Yes,Yes,No,Yes,90,Male
SCITIZEN877,Yes,Yes,No,Yes,97,Female
SCITIZEN878,Yes,Yes,Yes,No,48,Male
SCITIZEN879,Yes,Yes,Yes,No,47,Female
SCITIZEN880,Yes,Yes,No,Yes,76,Male
SCITIZEN881,Yes,Yes,Yes,No,53,Female
SCITIZEN882,Yes,Yes,No,Yes,97,Male
SCITIZEN883,Yes,Yes,No,Yes,72,Female
SCITIZEN884,Yes,Yes,Yes,No,52,Female
SCITIZEN885,Yes,Yes,Yes,No,22,Female
SCITIZEN886,Yes,Yes,Yes,No,64,Female
SCITIZEN887,Yes,Yes,No,Yes,99,Male
SCITIZEN888,Yes,Yes,Yes,No,26,Female
SCITIZEN889,Yes,Yes,No,Yes,70,Male
SCITIZEN890,Yes,Yes,No,Yes,83,Female
SCITIZEN891,Yes,Yes,Yes,No,27,Male
SCITIZEN892,Yes,Yes,No,Yes,89,Male
SCITIZEN893,Yes,Yes,No,Yes,96,Female
SCITIZEN894,Yes,Yes,Yes,No,62,Female
SCITIZEN895,Yes,Yes,Yes,No,30,Male
SCITIZEN896,Yes,Yes,Yes,No,69,Male
SCITIZEN897,Yes,Yes,No,Yes,70,Male
SCITIZEN898,Yes,Yes,Yes,No,45,Male
SCITIZEN899,Yes,Yes,Yes,No,42,Female
SCITIZEN900,Yes,Yes,Yes,No,41,Male
SCITIZEN901,Yes,Yes,No,Yes,85,Female
SCITIZEN902,Yes,Yes,No,Yes,97,Female
SCITIZEN903,Yes,Yes,Yes,No,30,Male
SCITIZEN904,Yes,Yes,No,Yes,76,Female
SCITIZEN905,Yes,Yes,Yes,No,42,Female
SCITIZEN906,Yes,Yes,No,Yes,98,Female
SCITIZEN907,Yes,Yes,No,Yes,76,Female
SCITIZEN908,Yes,Yes,Yes,No,63,Male
SCITIZEN909,Yes,Yes,No,Yes,86,Male
SCITIZEN910,Yes,Yes,No,Yes,97,Male
SCITIZEN911,Yes,Yes,Yes,No,65,Female
SCITIZEN912,Yes,Yes,Yes,No,38,Female
SCITIZEN913,Yes,Yes,No,Yes,93,Female
SCITIZEN914,Yes,Yes,Yes,No,39,Female
SCITIZEN915,Yes,Yes,Yes,No,21,Female
SCITIZEN916,Yes,Yes,No,Yes,71,Female
SCITIZEN917,Yes,Yes,Yes,No,67,Male
SCITIZEN918,Yes,Yes,Yes,No,22,Female
SCITIZEN919,Yes,Yes,No,Yes,82,Male
SCITIZEN920,Yes,Yes,No,Yes,83,Male
SCITIZEN921,Yes,Yes,No,Yes,85,Male
SCITIZEN922,Yes,Yes,No,Yes,86,Female
SCITIZEN923,Yes,Yes,Yes,No,40,Male
SCITIZEN924,Yes,Yes,No,Yes,88,Male
SCITIZEN925,Yes,Yes,Yes,No,56,Female
SCITIZEN926,Yes,Yes,No,Yes,74,Female
SCITIZEN927,Yes,Yes,No,Yes,86,Female
SCITIZEN928,Yes,Yes,No,Yes,72,Female
SCITIZEN929,Yes,Yes,Yes,No,35,Female
SCITIZEN930,Yes,Yes,Yes,No,55,Male
SCITIZEN931,Yes,Yes,Yes,No,49,Male
SCITIZEN932,Yes,Yes,Yes,No,57,Male
SCITIZEN933,Yes,Yes,No,Yes,90,Female
SCITIZEN934,Yes,Yes,Yes,No,29,Male
SCITIZEN935,Yes,Yes,Yes,No,54,Female
SCITIZEN936,Yes,Yes,No,Yes,79,Female
SCITIZEN937,Yes,Yes,No,Yes,76,Female
SCITIZEN938,Yes,Yes,Yes,No,68,Male
SCITIZEN939,Yes,Yes,Yes,No,27,Male
SCITIZEN940,Yes,Yes,No,Yes,80,Male
SCITIZEN941,Yes,Yes,No,Yes,96,Male
SCITIZEN942,Yes,Yes,Yes,No,41,Female
SCITIZEN943,Yes,Yes,No,Yes,86,Male
SCITIZEN944,Yes,Yes,Yes,No,44,Male
SCITIZEN945,Yes,Yes,Yes,No,23,Male
SCITIZEN946,Yes,Yes,No,Yes,96,Male
SCITIZEN947,Yes,Yes,Yes,No,66,Female
SCITIZEN948,Yes,Yes,No,Yes,72,Female
SCITIZEN949,Yes,Yes,Yes,No,21,Female
SCITIZEN950,Yes,Yes,No,Yes,99,Male
SCITIZEN951,Yes,Yes,No,Yes,74,Male
SCITIZEN952,Yes,Yes,Yes,No,25,Male
SCITIZEN953,Yes,Yes,No,Yes,90,Female
SCITIZEN954,Yes,Yes,No,Yes,82,Male
SCITIZEN955,Yes,Yes,No,Yes,85,Female
SCITIZEN956,Yes,Yes,No,Yes,73,Male
SCITIZEN957,Yes,Yes,Yes,No,40,Male
SCITIZEN958,Yes,Yes,Yes,No,69,Male
SCITIZEN959,Yes,Yes,No,Yes,94,Male
SCITIZEN960,Yes,Yes,Yes,No,59,Male
SCITIZEN961,Yes,Yes,Yes,No,45,Male
SCITIZEN962,Yes,Yes,No,Yes,71,Male
SCITIZEN963,Yes,Yes,Yes,No,35,Female
SCITIZEN964,Yes,Yes,Yes,No,39,Male
SCITIZEN965,Yes,Yes,Yes,No,52,Female
SCITIZEN966,Yes,Yes,Yes,No,24,Female
SCITIZEN967,Yes,Yes,Yes,No,57,Male
SCITIZEN968,Yes,Yes,No,Yes,72,Male
SCITIZEN969,Yes,Yes,No,Yes,90,Male
SCITIZEN970,Yes,Yes,Yes,No,68,Female
SCITIZEN971,Yes,Yes,No,Yes,94,Female
SCITIZEN972,Yes,Yes,Yes,No,55,Male
SCITIZEN973,Yes,Yes,No,Yes,79,Female
SCITIZEN974,Yes,Yes,Yes,No,33,Male
SCITIZEN975,Yes,Yes,Yes,No,66,Male
SCITIZEN976,Yes,Yes,No,Yes,76,Male
SCITIZEN977,Yes,Yes,No,Yes,87,Female
SCITIZEN978,Yes,Yes,Yes,No,64,Female
SCITIZEN979,Yes,Yes,Yes,No,41,Female
SCITIZEN980,Yes,Yes,Yes,No,55,Female
SCITIZEN981,Yes,Yes,No,Yes,95,Male
SCITIZEN982,Yes,Yes,No,Yes,94,Male
SCITIZEN983,Yes,Yes,No,Yes,97,Female
SCITIZEN984,Yes,Yes,No,Yes,89,Female
SCITIZEN985,Yes,Yes,Yes,No,57,Male
SCITIZEN986,Yes,Yes,Yes,No,28,Male
SCITIZEN987,Yes,Yes,Yes,No,68,Female
SCITIZEN988,Yes,Yes,No,Yes,78,Male
SCITIZEN989,Yes,Yes,Yes,No,37,Male
SCITIZEN990,Yes,Yes,No,Yes,95,Female
SCITIZEN991,Yes,Yes,No,Yes,95,Male
SCITIZEN992,Yes,Yes,Yes,No,52,Female
SCITIZEN993,Yes,Yes,Yes,No,40,Female
SCITIZEN994,Yes,Yes,Yes,No,42,Male
SCITIZEN995,Yes,Yes,Yes,No,42,Female
SCITIZEN996,Yes,Yes,Yes,No,63,Female
SCITIZEN997,Yes,Yes,No,Yes,78,Male
SCITIZEN998,Yes,Yes,Yes,No,44,Female
SCITIZEN999,Yes,Yes,No,Yes,99,Female
SCITIZEN1000,Yes,Yes,Yes,No,37,Female
